2019-04-15 23:31:45,If #IllegalAliens voted for #Republicans https://t.co/aVG31PWSua,United States of Amerika,
2019-04-15 23:31:19,"#IllegalAliens be sure to stop by @cher house in #LosAngeles and make yourselfs at home!
She wouldn't want to be ac‚Ä¶ https://t.co/ZhQA6lrgxD","Michigan, USA",
2019-04-15 23:29:02,"@KamalaHarris Did you EVER call the family of Ronil Singh?

‚õî Liberals have lost their mind AND HEARTS!!‚Ä¶ https://t.co/78e1tjsacC",IMBY,
2019-04-15 23:31:45,If #IllegalAliens voted for #Republicans https://t.co/aVG31PWSua,United States of Amerika,
2019-04-15 23:31:19,"#IllegalAliens be sure to stop by @cher house in #LosAngeles and make yourselfs at home!
She wouldn't want to be ac‚Ä¶ https://t.co/ZhQA6lrgxD","Michigan, USA",
2019-04-15 23:29:02,"@KamalaHarris Did you EVER call the family of Ronil Singh?

‚õî Liberals have lost their mind AND HEARTS!!‚Ä¶ https://t.co/78e1tjsacC",IMBY,
2019-04-16 20:17:23,@SenKamalaHarris A San Jose family's security camera captured footage of the man arrested in the brutal slaying of‚Ä¶ https://t.co/P9aOrHaOuE,IMBY,
2019-04-16 20:00:19,We Don't Enjoy Denying Nigerians Visa - U.S. Embassy https://t.co/BOXvExpsxw #Nigeria #AsktheConsul #USVisa https://t.co/4qPfkLLopV,Africa,
2019-04-16 19:59:41,"@Pismo_B @lindaluvinlife1 DeBlasio: ‚ÄúDumping #IllegalAliens in #SanctuaryCities is illegal!‚Äù
America: ‚ÄúCite the law‚Ä¶ https://t.co/OKm2v1D31b",California,
2019-04-16 19:45:27,https://t.co/pFuAODSZvb see video Obama said he would send them back. #BorderCrisis #Immigrants #IllegalAliens #children,"Boulder, CO",
2019-04-16 19:37:29,Former ICE Director Tom Homan Makes The Case For Trump‚Äôs Sanctuary City Plan https://t.co/95z9Pfm1Ea #illegalaliens‚Ä¶ https://t.co/cuKu52XJ1n,USA,
2019-04-16 19:35:16,"This idiot @RBReich claims #IllegalAliens pay 24 billion in taxes.. But to do that, they‚Äôve STOLEN identities, caus‚Ä¶ https://t.co/qWM273Zvnn",USA,
2019-04-16 19:33:40,There You Have It Now We Know @cspanwj about @cher stating what honest üóΩ Patriots have known for decades about‚Ä¶ https://t.co/Gp950cTrrH,Events in 2019 & Beyond,
2019-04-16 19:23:39,".@TheDemocrats &amp; ALL others who pander to #IllegalImmigrants / #IllegalAliens ,take heed. #WeThePeople WILL‚Ä¶ https://t.co/tcK5lajlL2",üá∫üá∏GodBlessUSA!üá∫üá∏,
2019-04-16 19:09:12,"PHOTOS: Group of 170 Migrants** Surrender at Texas Border https://t.co/0cvE826PkH via @BreitbartTexas

**‚Ä¶ https://t.co/9L1UCchE6j","California, USA",
2019-04-16 19:07:33,@HillaryClinton @WomenintheWorld @FareedZakaria The administration you were apart of didn't want to reasonably deal‚Ä¶ https://t.co/MO2cKMiKRH,,
2019-04-16 19:06:37,NY: Seven Mexican Nationals Apprehended After Crossing Canadian Border https://t.co/rJs3RIWtG4 via @BreitbartTexas‚Ä¶ https://t.co/rFrfT5PLdn,"California, USA",
2019-04-16 19:04:27,@JerryPa74973070 @FoxNewsSunday @PressSec I'm going to. Haven't you heard? Signed up for #Spaceforce. I'm getting m‚Ä¶ https://t.co/VZjmZJkKyN,"Arkansas, USA",
2019-04-16 18:48:10,"@Pikl4Judge @bayareahausfrau I've been saying the same thing for months: Referring to #illegalaliens as ""immigrants‚Ä¶ https://t.co/CjDVFEAUVx",Socialist Republic of Alachua,
2019-04-16 18:45:48,"""Sleeper Cells:"" 10,000 Illegal Aliens From Terrorist Nations Roam Free In US | Zero Hedge https://t.co/fFAmx7vnZT‚Ä¶ https://t.co/0RqnGIOq9U","Santa Barbara, CA",
2019-04-16 18:41:38,"May 2019 Visa Bulletin ‚Äì EB-1 China and India Remain Stalled, Future Retrogression Possible https://t.co/HK9vsDou5v‚Ä¶ https://t.co/8K86oZ02QW",,
2019-04-16 18:37:09,@MiamiHerald @realDonaldTrump @RonDeSantisFL Thank You Mr.President Trump #MAGA #KAG #LatinosForTrump üáµüá∑üá®üá∫üáªüá™üá≥üáÆ‚Ä¶ https://t.co/C3TVYwyitb,"Goulds, FL",
2019-04-16 18:35:00,"@lupulinous @ErikaAndiola @RAICESTEXAS you said above I am a racist, because I am anti #IllegalAliens.  I am not a racist in any way",Western NY,
2019-04-16 18:30:09,"#Fragomen Partner Andrew Greenfield &amp; Rebecca Peters, Dir. of Policy Engagement at @SHRM discuss the changing US im‚Ä¶ https://t.co/rBrC3YNeAh",,
2019-04-16 18:27:53,@DonaldJTrumpJr @MayorPete A San Jose family's security camera captured footage of the man arrested in the brutal s‚Ä¶ https://t.co/dCkIwCnExx,IMBY,
2019-04-16 18:21:07,@GovBrewer @SidneyPowell1 @realDonaldTrump Exactly! Arizona is NOT a Sanctuary State! Phoenix is NOT a Sanctuary Ci‚Ä¶ https://t.co/fVJzpcUghv,Valley of the Sun,
2019-04-16 18:07:35,"Anyone else confused?

Dems WANT illegal immigrants to help them win elections.

So our response is to...hand deliv‚Ä¶ https://t.co/Jhl7DZFOgI",United States,
2019-04-16 18:06:55,@GavinNewsom California is the most socio-economically segregated state in the Union. We basically have the wealthy‚Ä¶ https://t.co/003MQAnxCP,,
2019-04-16 18:02:28,"#Amnesty Invasion
Over 750,000 work permits handed out to largely bogus #asylum applicants
by Daniel Horowitz‚Ä¶ https://t.co/7jyZKnIorY","NW Washington state, USAüá∫üá∏",
2019-04-16 18:00:20,"@KaitMarieox @BernieSanders The old comrade from #Vermont is done now, the leftist progressive Marxist Alinsky anti‚Ä¶ https://t.co/fKwJkEU8Oq","New Hampshire, USA",
2019-04-16 17:57:13,Supreme Court to Consider Whether States Can Prosecute Identity Theft With Information Included in Form I-9‚Ä¶ https://t.co/ZPN98jJyXH,New York,
2019-04-16 17:53:16,Commonsense tells me; People who fail to get #vaccinated are only endangering themselves.. If you‚Äôre not vaccinated‚Ä¶ https://t.co/uYiBtPfCPy,USA,
2019-04-16 17:45:20,"@AnnCoulter @realDonaldTrump @realDonaldTrump
 please listen to Ann and Daniel 
@RMConservative
 on Immigration bec‚Ä¶ https://t.co/tXI5vjRd4N",,
2019-04-16 17:44:15,"I wish Bernie would move there if he LOVES Venezuela so much and LEAVE
AMERICA
ALONE!!
#NeverBernie 
We will NEVER‚Ä¶ https://t.co/RouofGQ2ky","Pennsylvania, USA",
2019-04-16 17:42:24,#IllegalAliens do NOT pay taxes. The U.S. uses Social Security numbers for everything. If you don't have an S.S. #‚Ä¶ https://t.co/TFgmLpWdrY,,
2019-04-16 17:41:15,@MarianDClough @gatewaypundit #Obamacare taking $ from people WITH some &amp; sharing it with those not eligible?#IllegalAliens anchor babies?,,
2019-04-16 17:41:07,taxes r 4 thee not me &amp; #IllegalAliens r for democrat votes but jus don't stash em in my liberal city/hood schools.‚Ä¶ https://t.co/S6cJ3HfCGR,,
2019-04-16 17:33:31,@ScottPresler Breaking - #IllegalAliens rapist on his way to #EvilDems #Left #Hollywood Districts!!!,"California, USA",
2019-04-16 17:32:38,@HillaryClinton @WomenintheWorld @FareedZakaria #SecureOurBorder NOW. That is what trump is trying to do in an effo‚Ä¶ https://t.co/TSUoCaYdKg,,
2019-04-16 17:32:23,"@ScottPresler This is the kind of #IllegalAliens we will be sending to the Districts of 

#EvilDems
#LeftHate
#HollywoodSwamp","California, USA",
2019-04-16 17:14:05,@cher WOW! even #Trump hating #Cher understands #America cannot accept #illegalAliens-,,
2019-04-16 17:08:29,From the Heart ‚Äì A.F. Branco Cartoon https://t.co/59yrxcsOy7 #illegalaliens #illegalimmigration #nancypelosi‚Ä¶ https://t.co/1h1G6dTpgv,USA,
2019-04-16 17:05:18,Stay in the USA after #graduation - what are your #USvisa options? https://t.co/8iso8HImnJ,London,
2019-04-16 17:01:08,Notice how Democrats always blame someone else for their failure? They raise the taxes to pay for THEIR‚Ä¶ https://t.co/gezA22yOxz,,
2019-04-16 16:58:25,When elected officials allow criminals to break laws (enter and remain in the US illegally) they should be held cri‚Ä¶ https://t.co/46gmVFMMln,"Boston, MA",
2019-04-16 16:55:52,@Jali_Cat @DHSgov @ICEgov @CBP @hogangidley45 @POTUS @EricTrump @SecPompeo @parscale @GOPLeader @cher #WeThePeople‚Ä¶ https://t.co/PBIO6rYRGv,"Donald J Trump Did It 4 US! All 4 $0 A Yr, While DNCs Commie DEM LDRS Resist By Acts Of‚ò†Ô∏èTraitorism Obstructing R Freedoms,Liberties&Safety",
2019-04-16 16:45:52,"#California #Ca Congresswoman @KatieHill4CA actions show she supports #IllegalAliens voting!
Why else wouldn't she‚Ä¶ https://t.co/wnPWyX97MR","Albuquerque, NM",
2019-04-16 16:39:44,We must send a very large contingency of the military and also send independent militias down to the border and hir‚Ä¶ https://t.co/JZ3FzlElC5,"IN LIBERAL'S MINDS, Arkansas",
2019-04-16 16:38:43,@GovMurphy @camdencc I don‚Äôt believe a single word of what you say. NJ spends more than $4.5 billion on‚Ä¶ https://t.co/FRAst1HVuB,NJ,
2019-04-16 16:35:36,#NIMBY #SJW #VirtueSignalling looks like perhaps #SanctuaryCities are not REALLY about welcoming #IllegalAliens or‚Ä¶ https://t.co/XUWpsETVqm,"San Francisco, CA",
2019-04-16 16:17:30,From the Heart ‚Äì A.F. Branco Cartoon https://t.co/59yrxcsOy7 #illegalaliens #illegalimmigration #nancypelosi‚Ä¶ https://t.co/6VA4PlexA4,USA,
2019-04-16 16:16:56,@obvious_Anon @Serremmy @56_Jeff @jonz970 @ctanner3 @raducom @RodHillis1 @rerun78sjc @moodav47 @RealWolf72‚Ä¶ https://t.co/ow8ffjwCYz,,
2019-04-16 16:16:27,"Here's the zany claptrap the #lunaticLeft would have you believe:
1. #globalwarmingnonsense is real
2. sky-high tax‚Ä¶ https://t.co/6LB16bRnwO",,
2019-04-16 16:15:06,"@SpeakerPelosi Nancy Pelosi CNN Question from angel mom....

#AngelMoms #AngelDads #Democrats #BorderCrisis‚Ä¶ https://t.co/brN1HsFtVr",IMBY,
2019-04-16 16:13:28,"The key word in this is ""illegal"". They are #IllegalAliens #IllegalImmigrants save this country. We are one electio‚Ä¶ https://t.co/fwkjUAjvxt","Downey, CA",
2019-04-16 16:13:03,@mamapeachtoyou @LWHaynes @cher Depends on your Skills. HB1 will get you into the US via employer sponsorship then‚Ä¶ https://t.co/w1sz0cZSVZ,"California, USA",
2019-04-16 16:08:46,We've been hearing stories and seeing video of #IllegalAliens being bussed and flown across the country and release‚Ä¶ https://t.co/NTFrOfwqwm,Alabama,
2019-04-16 16:01:33,@BlackIrishI @Crazyparklady1 @heidiEC5 @MAGA2ARIGHTS @ramburner1 @LolitaDickinson @HawksEyeView_SI @jjauthor‚Ä¶ https://t.co/BuyBLl1sKE,"Hy√®res, France",
2019-04-16 15:56:04,#IllegalAliens do not belong in USA. Thank you for your vigilance. Our #safety and #sovereignty must be protected a‚Ä¶ https://t.co/vCevqHkUGm,"My own woods in, Lexington,VA",
2019-04-16 15:48:18,"#TwitterCensors #ShadowBanned 

Another great video by.@MarkDice 

#IllegalImmigrants
#IllegalAliens 
#2020Election‚Ä¶ https://t.co/JYW6E6t15D","Trump NO-GO Zone, 37th L.A. CA",
2019-04-16 15:47:24,Good Job ICE ! Get Rid Of All The #IllegalAliens Now ! #Maga #TRUMP2020 #AmericansFirst #ICE arrests more than 280‚Ä¶ https://t.co/uE06nZFLtS,United States,
2019-04-16 15:46:49,My President just got Comrade de Blasio to go to court to keep #IllegalAliens out of #NewYorkCity Is this a great P‚Ä¶ https://t.co/U5PcDQmiai,"Henderson, NV",
2019-04-16 15:46:28,@BarbraStreisand I‚Äôm sure you have plenty of room to house a group of #IllegalAliens What the hell are you doing to help these people.,United States,
2019-04-16 15:46:10,"@DJMorrison41 
It's #ForThePeople ‚ùì
#Taxpayers money recycled into the economy via #IllegalAliens 

Perhaps FOR #WallStreet? Politicians?",,
2019-04-16 15:45:26,@RBReich one sure way to prevent this is to no encourage #IllegalAliens to come here. #BuildTheDamnWall,"Warren, New Jersey",
2019-04-16 15:43:25,Making me want to boycott and stop donating to the @SalArmyEmpire and who exactly is the Emperor of this self procl‚Ä¶ https://t.co/sYiYMAxa4P,"New York, USA",
2019-04-16 15:40:44,Enough is enough. I am running for Washington State Governor in 2020. 0 tolerance on Illegal Immigration. Immigrati‚Ä¶ https://t.co/6GZS9Xh0PS,"Seattle, WA",
2019-04-16 15:40:19,I would be willing to donate money to somehow bus illegals to sanctuary cities. Starting with San Francisco and Chi‚Ä¶ https://t.co/ALcorlJ3GF,"""United States of America""",
2019-04-16 15:25:50,A Veteran Walks ! Sent #IllegalAliens Back Now So We Can Take Care Of Our American #Veterans Better ! #Trump2020‚Ä¶ https://t.co/vyaZbpO7mN,United States,
2019-04-16 15:24:27,Immigrant living in country illegally arrested for rape of seven-year-old https://t.co/iRB6mduG7U via @cbs6  @POTUS‚Ä¶ https://t.co/y3Y8HoQqD9,"Long Island, New York",
2019-04-16 15:24:04,Bahaha! You can‚Äôt make this stuff up! #IllegalAliens #SanctuaryCityHypocrites https://t.co/O297rflP6Z,,
2019-04-16 14:48:44,"Sadly they  don't give a damn about American Children.
@SpeakerPelosi @chuckschumer I am an Independent and you sti‚Ä¶ https://t.co/WJsqtG7u7M",,
2019-04-16 14:40:26,"#MAGA| @GovBrewer
When I was Gov, #illegalaliens cost #AZ #taxpayers $1.6 #billion/yr in education, health care and‚Ä¶ https://t.co/mcCXqHyvGM",,
2019-04-16 14:38:54,"In the parking lot of a local school, dozens of people gathered to listen to lively mariachi music and munch tacos‚Ä¶ https://t.co/My6Yq519FG",America,
2019-04-16 14:34:41,@GovBrewer @SpvendorWayne @realDonaldTrump Thank you for calling them what they are; Illegal Aliens! #IllegalAliens,"Anywhere, USA",
2019-04-16 14:34:14,"To #SanctuaryCities who, through nothing less than #PurePoliticalPoop, chose to oppose the wall and any form of bor‚Ä¶ https://t.co/Dnvxi3NkFp","ŒúŒøŒªœéŒΩ ŒªŒ±Œ≤Œ≠, USA",
2019-04-16 14:33:32,"Why do we allow OUR government to enable #illegalAliens to enter #America and murder, kill, and #rape #Americans? https://t.co/P6MFgyYOL5",,
2019-04-16 14:25:30,"#IllegalAliens are over-running El Paso, &amp; spreading to Las Cruces &amp; Albuquerque. Federal resources are being waste‚Ä¶ https://t.co/a8stGmyRj4",USA,
2019-04-16 14:09:36,EB5 Petitions and Escrow Accounts https://t.co/U0ZzmstxBx #Immigration #Immigrants #usimmigration‚Ä¶ https://t.co/Vm2LmMBada,New York,
2019-04-16 14:07:28,Former ICE Director Tom Homan Makes The Case For Trump‚Äôs Sanctuary City Plan https://t.co/95z9Pfm1Ea #illegalaliens‚Ä¶ https://t.co/rsRy6JLXVj,USA,
2019-04-16 13:56:36,"TX: Border Patrol agents find over 130 migrants** near Roma - ""Over the past three days, Border Patrol agents in th‚Ä¶ https://t.co/6JKW7WD9vl","California, USA",
2019-04-16 13:56:05,"Yup, @TheDemocrats say one thing but if it has to land on their territory they cry foul! Cartoon: From the Heart Ca‚Ä¶ https://t.co/uFx8YEK6b5",United States,
2019-04-16 13:48:51,Exactly! Don't force those of us that don't believe in rewarding #IllegalAliens for invading our country and taking‚Ä¶ https://t.co/Ses8NULF8A,,
2019-04-16 13:34:36,It is wrong to dump #IllegalAliens into our communities and force us to pay for them. @OANN shows how much it's cos‚Ä¶ https://t.co/blIEWXfo5N,,
2019-04-16 13:32:06,"Actually @GavinNewsom , it is YOU who are ""illegal, sophomoric, and petulant"". #SanctuaryCities #SanctuaryState‚Ä¶ https://t.co/yQPWYhe91s",Upstate New York,
2019-04-16 13:20:13,Branco Cartoon: From the Heart https://t.co/BvU6yv5LX0 #Pelosi #IllegalAliens #BorderCrisis,Washington State,
2019-04-16 13:12:33,@JoshRosenthalTV @fox5dc Are the measles outbreak directly related to American parents not vaccinating their kids o‚Ä¶ https://t.co/qzC242CuoG,"Virginia, USA",
2019-04-16 13:10:31,Its gonna get worse before it gets better. You better arm yourself. Keep your eyes open all the time. Not only do y‚Ä¶ https://t.co/eQvTaGFheD,,
2019-04-16 13:09:05,"Please Mr. President @realDonaldTrump just do it. They want open borders? Send the #IllegalAliens there.
The Nuclea‚Ä¶ https://t.co/2A1OLyPjpJ",ŒúŒüŒõŒ©Œù ŒõŒëŒíŒï,
2019-04-16 13:08:44,"#SanctuaryCity &amp; #SanctuaryState lawmakers by their own laws, are demanding busloads of #IllegalAliens be transport‚Ä¶ https://t.co/km2bpmohhD","San Francisco, CA",
2019-04-16 13:05:18,Starting a business in the USA? Which #USVisa? #entrepreneurs #startups #immigrationattorneys https://t.co/aagSvRfpR7,London,
2019-04-16 13:03:18,#SanctuaryState California gives $21BILLION/year towards #IllegalAliens That money takes away from American citizen‚Ä¶ https://t.co/Om1vgoROHh,"San Francisco, CA",
2019-04-16 12:48:19,‚ÄúIt would seem to be to nobody‚Äôs benefit to house them in places where they are not allowed to drive or not offered‚Ä¶ https://t.co/l3wpwqp4fQ,Brevard County Florida,
2019-04-16 12:47:22,"The loud and proud purpose of #SanctaurCities #SanctuaryStates is to welcome,support and harbor illegals and obstru‚Ä¶ https://t.co/jme8Qk4Y4z","San Francisco, CA",
2019-04-16 12:46:43,"‚Äú...for example, where they can receive driver‚Äôs licenses, social welfare benefits, in-state or free college tuitio‚Ä¶ https://t.co/Ok4FtOmdWT",Brevard County Florida,
2019-04-16 12:44:57,‚ÄùThe best places for the immigrants‚Äô welfare would seem to be where local policies and laws favor them;...‚Äù ‚Äî‚Ä¶ https://t.co/Mw9p6q5AuS,Brevard County Florida,
2019-04-16 12:41:59,‚Äú...sanctuary cities and states should want to do all they can to keep illegal immigrants from being sent to less w‚Ä¶ https://t.co/5aR0elvZah,Brevard County Florida,
2019-04-16 12:40:20,"Translation: 
WE WANT OPEN BORDERS FOR DEPENDENT VOTERS
BUT
WE DONT WANT ILLEGAL IMMIGRANTS IN OUR NEIGHBORHOOD
SO‚Ä¶ https://t.co/azm8EEe2rp",Montana,
2019-04-16 12:36:48,"@Alyssa_Milano #Liberals are SO pathetic! ""These #IllegalAliens benefit us, they reduce crime, they add diversity,‚Ä¶ https://t.co/tzNNYCw6ku",Alabama,
2019-04-16 12:28:39,@GovBrewer pointed out the obvious to any who should listen to the facts about #illegalimmigration. #IllegalAliens‚Ä¶ https://t.co/C0Ck7gOWrj,"Kansas City, MO",
2019-04-16 12:19:06,The obstructionist Democrats!!! In the meantime the #IllegalAliens are bringing the measles across our southern bor‚Ä¶ https://t.co/fn4iZ0ZYjn,"Cape Coral, FL",
2019-04-16 12:17:29,Former ICE Director Tom Homan Makes The Case For Trump‚Äôs Sanctuary City Plan https://t.co/95z9Pfm1Ea #illegalaliens‚Ä¶ https://t.co/QCGPayEwFb,USA,
2019-04-16 12:12:23,"@kylegriffin1 Sad, but the law is the law. Gonzalez is a #IllegalAliens","Downey, CA",
2019-04-16 12:09:44,@robbystarbuck @BernieSanders Also #IllegalAliens and #Noncitizens on #H1B #H4 #visas,,
2019-04-16 11:53:27,"Our laws require @realDonaldTrump to release #IllegalAliens into #America, but even @CoryBooker says that makes us‚Ä¶ https://t.co/7QzDKCVnvS",Alabama,
2019-04-16 11:52:14,@Aikens_Josh @njassemblydems @NJSenDems @NJSenatePres have failed legal NJ taxpayers for decades &amp; now NJ suffers u‚Ä¶ https://t.co/pVa8XbH5Jz,NJ,
2019-04-16 11:36:34,"How many #IllegalAliens is he taking into his house &amp; be fully responsible-food,shelter,medical,education,job,civil‚Ä¶ https://t.co/iEofOHzSDZ",,
2019-04-16 11:33:44,This mother would be alive today if @TheDemocrats cared more about American lives than they do #IllegalAliens.‚Ä¶ https://t.co/5c3odOzxhm,"New Orleans, LA",
2019-04-16 11:03:59,"#POTUS45 says, ""You want them? You got em.""  #IllegalAliens #Democrats response? That's Illegal! You can't do that!‚Ä¶ https://t.co/leZ0LZsGMv","Amarillo, TX",
2019-04-16 10:45:41,He ought to invite #IllegalAliens into ALL his house's! https://t.co/wQMTkHI9LH,MAGA TEXAS,
2019-04-16 10:45:40,@JoeXpressauto @roharmon wait till the #IllegalAliens are bused to their #SanctuaryCity.  They aint seen nothing yet.................,Western NY,
2019-04-16 10:38:12,"Notice the #DeepStateMedia NEVER mentions the #Invasion of #IllegalAliens in these stories. #NotACoincedence!  &gt;:-[
https://t.co/DtfjruWu2U",,
2019-04-16 10:28:18,@NewsOKPolitics @RepKendraHorn Yet she doesn't care about Oklahomans by not supporting the wall. She does feel good‚Ä¶ https://t.co/vOt8U5fntd,"Edmond, OK",
2019-04-16 10:16:39,"Abuse of power. Political influence. Spin it as usual #Dems

The president has every right and authority to place‚Ä¶ https://t.co/poXnEz0oyx",United States,
2019-04-16 10:14:52,"@ErikaAndiola Bullshit move by #Cuomo administration!!!
My daughter, a teacher in poverty (40% welfare) school dist‚Ä¶ https://t.co/IToMfdfN4P",Western NY,
2019-04-16 10:00:37,More US visas denied on public-charge grounds. New rules give officials right to deny visas to those considered pot‚Ä¶ https://t.co/HCO9lxoIep,London,
2019-04-16 09:57:25,"@lupulinous @ErikaAndiola @RAICESTEXAS sorry to burst your bubble, but
#IllegalAliens are NOT a race‚ÄºÔ∏è",Western NY,
2019-04-16 09:56:08,@cher Stop üõë voting üó≥ for #Democrats then. Stop üõë allowing drugs in the streets. Stop üõë thinking ü§î that the only wa‚Ä¶ https://t.co/XJF0lgNMoa,"New York, USA",
2019-04-16 09:31:27,We Don't Enjoy Denying Nigerians Visa - U.S. Embassy https://t.co/BOXvExpsxw #Nigeria #AsktheConsul #USVisa https://t.co/7onT7Yru1w,Africa,
2019-04-16 09:26:05,"@realDonaldTrump Thank you for pointing out the #Hypocrisy of the left. Now they yell about the law, claiming bring‚Ä¶ https://t.co/yvbBRkMpAI",,
2019-04-16 09:14:43,#IllegalAliens do NOT show up for court decisions. They BREAK the law!,Pacific Rim,
2019-04-16 09:14:42,#BillDeBlazio LIED in saying that #Trump breaks the #law by shipping #IllegalAliens to #SanctuaryCities. That law d‚Ä¶ https://t.co/9zsuIboUkl,Pacific Rim,
2019-04-16 09:05:05,"Huge Group of Sick, Coughing #IllegalAliens Stopped At Border- ""LISTEN"" TO THEM! From Nicaragua https://t.co/zcxY0ZFzio via @YouTube","Small town Minnesota, USA",
2019-04-16 08:46:27,@FAIRImmigration @MariaBonanno9 @WashTimes #Democrats are saying it's illegal to dump #IllegalAliens into‚Ä¶ https://t.co/cimDa5MZNg,‚ùå,
2019-04-16 08:38:13,"@glennbeck, I will probably go to hell for this one. #ImportThemAllAndCrimeWillFall
#IllegalAliens https://t.co/Nn3j5n6Aap","Small town Minnesota, USA",
2019-04-16 08:35:22,@Macshivers @MSPOA @Cooper1440 @MarilynKayStew1 @keith32541 @MarilynLavala @shyanson @SadieIsrael @stand4honor‚Ä¶ https://t.co/kayGkkbxfe,"Pittsburgh, PA",
2019-04-16 08:23:34,"Huge Group Stopped At Border- ""LISTEN"" TO THEM! Migrants From Nicaragua ... https://t.co/JbXQxjz23a #MigrantCaravan‚Ä¶ https://t.co/IKoRKoM8Ax",Savage States of America,
2019-04-16 08:16:46,@winstonCovfefe @anrefg Yep I've seen #IllegalAliens  leaching off of us hard working #taxpayers as well. It makes‚Ä¶ https://t.co/CSxmX5icca,United States Of America,
2019-04-16 08:11:40,#Politics #Democrats in #SanctuaryCities who OPPOSE receiving #IllegalAliens from #Trump said NOTHING when #Obama did it! HYPOCRITES! ü§¨üò°,Pacific Rim,
2019-04-16 07:39:47,@cher ??? Not the truth anymore ?? Did you and your friends in the business change homes ? Give them sanctuary as y‚Ä¶ https://t.co/eOg6f3YwK4,Somewhere over the rainbow ,
2019-04-16 07:22:44,@CNN @MSNBC YES put damn #IllegalAliens in: #SanFransisco #LA #NY #Baltimore #Maryland SEND #ILLEGALS TO‚Ä¶ https://t.co/AcGjvQiS1d,"Virginia, USA",
2019-04-16 07:22:28,"Where are the houses (rooms) to lodge thousands, perhaps millions, of #IllegalAliens while thousands of #Americans‚Ä¶ https://t.co/kiv55WL0vA",,
2019-04-16 07:03:08,@realDonaldTrump #Democratic #SantuaryCities are about to be culturally enriched by the #IllegalAliens and‚Ä¶ https://t.co/wlPAYNyXxs,,
2019-04-16 07:00:51,"If this is happening in a state run by Democrats, isn't this a representation of SOCIALISM?? üëπ‚Ä¶ https://t.co/J7E1BUs7Fy","California, USA",
2019-04-16 06:56:44,"@realDonaldTrump The #USA is #OneNationUnderGod.

We have no room here for #Haters of #Liberty, Life or #Capitalism‚Ä¶ https://t.co/iR7M4KtRiK",,
2019-04-16 06:46:37,"@realDonaldTrump They even resits the gift of #IllegalAliens, #IllegalImmigrants and #Amnesty seeking humanity.",,
2019-04-16 06:27:29,Former ICE Director Tom Homan Makes The Case For Trump‚Äôs Sanctuary City Plan https://t.co/95z9Pfm1Ea #illegalaliens‚Ä¶ https://t.co/xeqPDwlE2S,USA,
2019-04-16 06:25:53,@realDonaldTrump #illegalimmigration creates #IllegalAliens that belong in #SanctuaryCities and #SanctuaryStates ... https://t.co/LH5TBJaQnT,,
2019-04-16 05:46:49,My response to #JussieSmollettHoax #FakeNewsCNN #SanctuaryCities #TrumpDerangementSyndrome #IllegalAliens‚Ä¶ https://t.co/SUz9CzMpuj,,
2019-04-16 05:44:23,@BernieSanders It is YOU who demonizes immigrants when you conflate them with #IllegalAliens.  You know they are no‚Ä¶ https://t.co/XzdrX4Xt1p,,
2019-04-16 05:35:46,"#ARIELSARMY #BernieTownHall
#ccot #CloserNation #DemocratsHateAmerica #Election2020 #FailedDemocratCoup‚Ä¶ https://t.co/g4PFSwBjgu",New Jersey,
